,male,52,Oxford,john.hillnob@ninjamail.org
,male,95,Leicester,linda.mellonson@ninyahoo.co
,male,54,Oxford,mary.nipson@ninyahoo.co
,female,101,Cambridge,jason.castlenob@ninjamail.org
,male,67,Cambridge,diana.castlebutter@ninjamail.org
,male,76,Oxford,mary.gradnip@hotsumo.com
,male,88,Newcastle,john.nipwhale@ninyahoo.co
,male,46,Newcastle,john.hillwhale@hotsumo.com
,female,71,Leicester,tim.nobwhale@hotsumo.com
,female,22,Newcastle,tim.whalenob@dojobox.net
,female,57,London,anna.castlemellon@ninjamail.org
,female,96,Newcastle,diana.castlecastle@ninjamail.org
,female,57,Leicester,diana.nobsmith@ninyahoo.co
,female,30,London,carol.whalenob@ninyahoo.co
,female,25,London,anna.gradhill@hotsumo.com
,female,64,London,john.castlebutter@ninyahoo.co
,female,68,London,mary.nobmellon@ninjamail.org
,female,36,Newcastle,carol.smithgrad@dojobox.net
,male,24,London,david.hillcastle@ninyahoo.co
,male,50,Newcastle,maggie.smithgrad@dojobox.net
,female,65,London,anna.nipsmith@ninyahoo.co
,male,91,Leicester,diana.underbutter@ninyahoo.co
,male,50,Leicester,maggie.butterson@ninjamail.org
,female,96,Leicester,mary.scotchnob@dojobox.net
,female,79,Oxford,tim.butternip@ninyahoo.co
,female,69,Oxford,john.whalescotch@hotsumo.com
,female,71,Newcastle,diana.melloncastle@ninyahoo.co
,female,63,Oxford,diana.scotchcastle@ninyahoo.co
,male,66,Newcastle,carol.smithsmith@ninjamail.org
,female,27,Newcastle,mary.castlenob@ninjamail.org
